"Geschäftsnummer","Ausstellungsdatum","Bestimmungs-/Lieferland","Position / Güterart","Position / EKN","Position / Wert [CHF]"
8000002,07.02.2014,"China, Volksrepublik","Dual Use Güter","2B120",1950000
8000004,11.02.2014,"Russische Föderation","Dual Use Güter","6A002.c1",2098305
8000009,14.02.2014,"Singapur","Dual Use Güter
Dual Use Güter","2B001.b1
2B201.a1",209609
8000012,14.02.2014,"Slowenien","Besondere militärische Güter","ML15",128000
8000010,14.02.2014,"Hongkong","Dual Use Güter","6A002.c1",43188
8000013,17.02.2014,"Singapur","Dual Use Güter","2B350.d3",94988.4
8000016,18.02.2014,"China, Volksrepublik","Dual Use Güter
Dual Use Güter","2B001.B2
2B201.A1",365990
8000015,21.02.2014,"Singapur","Dual Use Güter
Dual Use Güter","2B001.b2
2B201.a1",270576
8000026,25.02.2014,"Tunesien","Besondere militärische Güter","ML10.f",13200
8000024,27.02.2014,"Deutschland","Besondere militärische Güter","ML10.c2",3740
8000025,27.02.2014,"Indien","Besondere militärische Güter","ML10.c2",24200
8000025,27.02.2014,"Indien","Besondere militärische Güter","ML10.c2",181500
8000025,27.02.2014,"Indien","Besondere militärische Güter","ML10.c2",296680
8000031,03.03.2014,"China, Volksrepublik","Dual Use Güter
Dual Use Güter","2B001.b2
2B201.a",232528
8000028,04.03.2014,"Malta","National kontrollierte Güter","5.1",1575
8000029,04.03.2014,"Hongkong","National kontrollierte Güter","5.1",9120
8000033,04.03.2014,"Thailand","Dual Use Güter","6A002.a2a",120000
8000034,04.03.2014,"China, Volksrepublik","Dual Use Güter
Dual Use Güter","2B001.b2
2B201.a1",227801
8000035,05.03.2014,"China, Volksrepublik","Dual Use Güter
Dual Use Güter","2B001.a1
2B001.a2",121241
8000037,06.03.2014,"Singapur","Dual Use Güter
Dual Use Güter","2B001.a1
2B001.a2",88796.8
8000040,07.03.2014,"China, Volksrepublik","Dual Use Güter","2B001.b2",232193
8000041,10.03.2014,"Indien","Dual Use Güter
Dual Use Güter","2B001.b2
2B201.a1",377760
8000042,10.03.2014,"Indien","Dual Use Güter
Dual Use Güter","2B001.B2
2B201.a",360282
8000044,10.03.2014,"Hongkong","Dual Use Güter
Dual Use Güter","2B001.b2
2B201.a1",357983
8000045,10.03.2014,"China, Volksrepublik","Dual Use Güter
Dual Use Güter","2B001.b2
2B201.a1",349735
8000046,13.03.2014,"Vereinigte Staaten von Amerika","Besondere militärische Güter","ML05.b",34515.38
8000049,14.03.2014,"China, Volksrepublik","Dual Use Güter","2b201.a1",203594
8000049,14.03.2014,"China, Volksrepublik","Dual Use Güter","2b201.a1",203594
8000053,19.03.2014,"China, Volksrepublik","Dual Use Güter
Dual Use Güter","2B001.b2
2B201.a1",322998
8000052,19.03.2014,"China, Volksrepublik","Dual Use Güter
Dual Use Güter","2B001.B2
2B201.a1",1992310
8000054,20.03.2014,"China, Volksrepublik","Dual Use Güter","2E002",1288000
8000061,25.03.2014,"China, Volksrepublik","Dual Use Güter
Dual Use Güter","2B201
2B001",2612397
8000062,25.03.2014,"Thailand","National kontrollierte Güter","5.1",6474
8000062,25.03.2014,"Thailand","National kontrollierte Güter","5.1",3690
8000063,25.03.2014,"Vietnam","Dual Use Güter","2B201.a1",869962
8000064,25.03.2014,"China, Volksrepublik","Dual Use Güter
Dual Use Güter","2B001.B2
2B201.a",339864
8000065,27.03.2014,"Südafrika","Besondere militärische Güter","ML04",11143
8000066,27.03.2014,"Italien","Besondere militärische Güter","ML04",43505.2
8000066,27.03.2014,"Italien","Besondere militärische Güter","ML04",46360
8000067,28.03.2014,"Russische Föderation","Dual Use Güter","7B003",313184
8000068,31.03.2014,"China, Volksrepublik","Dual Use Güter
Dual Use Güter","2B001.b2
2B201.a1",308562
8000071,01.04.2014,"Brasilien","Dual Use Güter","1C351",304.24
8000071,01.04.2014,"Brasilien","Dual Use Güter","1C351",304.24
8000071,01.04.2014,"Brasilien","Dual Use Güter","1C351",304.24
8000071,01.04.2014,"Brasilien","Dual Use Güter","1C351",304.24
8000072,02.04.2014,"Singapur","Dual Use Güter
Dual Use Güter","2B001.b2
2B201.a1",611620
8000073,02.04.2014,"Singapur","Dual Use Güter
Dual Use Güter","2B001.b2
2B201.a1",611620
8000074,02.04.2014,"Singapur","Dual Use Güter
Dual Use Güter","2B001.b2
2B201.a1",611620
8000076,02.04.2014,"Israel","Besondere militärische Güter
Besondere militärische Güter","ML03
ML03",12500
8000076,02.04.2014,"Israel","Besondere militärische Güter
Besondere militärische Güter","ML03
ML03",4900
8000076,02.04.2014,"Israel","Besondere militärische Güter
Besondere militärische Güter","ML03
ML03",14100
8000076,02.04.2014,"Israel","Besondere militärische Güter
Besondere militärische Güter","ML03
ML03",3750
8000076,02.04.2014,"Israel","Besondere militärische Güter
Besondere militärische Güter","ML03
ML03",30000
8000077,03.04.2014,"China, Volksrepublik","Dual Use Güter
Dual Use Güter","2B001.b2
2B201.a1",235765
8000081,03.04.2014,"Indien","Dual Use Güter
Dual Use Güter","2B001.b2
2B201.a1",222131
8000082,04.04.2014,"Indien","Dual Use Güter
Dual Use Güter","2B201.a1
2B001.b1",14205
8000075,04.04.2014,"China, Volksrepublik","Dual Use Güter
Dual Use Güter","2B001.a
2B001.a",225944
8000083,04.04.2014,"China, Volksrepublik","Dual Use Güter
Dual Use Güter","2B001.b2
2B201.a1",234309
8000084,04.04.2014,"Indien","Dual Use Güter","1C351",201.6
8000084,04.04.2014,"Indien","Dual Use Güter","1C351",201.58
8000084,04.04.2014,"Indien","Dual Use Güter","1C351",201.6
8000084,04.04.2014,"Indien","Dual Use Güter","1C351",201.6
8000089,08.04.2014,"Brasilien","Dual Use Güter","2B201.a.1",177094
8000090,08.04.2014,"China, Volksrepublik","Dual Use Güter
Dual Use Güter","2B201.a.1
2B001.b.2",206126
8000092,09.04.2014,"Indien","Dual Use Güter
Dual Use Güter","2B001.a1
2B001.a2",241216
8000103,17.04.2014,"Kuwait","Besondere militärische Güter
Besondere militärische Güter","ML03
ML03",650
8000103,17.04.2014,"Kuwait","Besondere militärische Güter","ML03",3000
8000106,23.04.2014,"Brasilien","Dual Use Güter
Dual Use Güter","2B001.b2
2B201.a1",192661
8000108,23.04.2014,"China, Volksrepublik","Dual Use Güter
Dual Use Güter","2B001.b2
2B201.a1",259129
8000109,23.04.2014,"China, Volksrepublik","Dual Use Güter
Dual Use Güter","2B001.b2
2B201.a1",316255
8000110,23.04.2014,"China, Volksrepublik","Dual Use Güter
Dual Use Güter","2B001.b2
2B201.a1",316255
8000111,23.04.2014,"China, Volksrepublik","Dual Use Güter
Dual Use Güter","2B001.b2
2B201.a1",316255
8000112,23.04.2014,"China, Volksrepublik","Dual Use Güter
Dual Use Güter","2B001.b2
2B201.a1",316255
8000113,23.04.2014,"China, Volksrepublik","Dual Use Güter
Dual Use Güter","2B001.b2
2B201.a1",316255
8000114,23.04.2014,"China, Volksrepublik","Dual Use Güter
Dual Use Güter","2B001.b2
2B201.a1",316255
8000107,28.04.2014,"Mexiko","National kontrollierte Güter","5.2",150
8000120,30.04.2014,"Tunesien","Besondere militärische Güter","ML10.f",4690
8000121,30.04.2014,"Saudi-Arabien","Besondere militärische Güter","ML04.c",61000
8000130,05.05.2014,"China, Volksrepublik","Dual Use Güter
Dual Use Güter","2B001.b2
2B201.a1",259606
8000131,05.05.2014,"China, Volksrepublik","Dual Use Güter
Dual Use Güter","2B001.b2
2B201.a1",210849
8000132,05.05.2014,"China, Volksrepublik","Dual Use Güter
Dual Use Güter","2B001.b2
2B201.a1",210849
8000140,06.05.2014,"China, Volksrepublik","Dual Use Güter","2B201.a.1",199093
8000140,06.05.2014,"China, Volksrepublik","Dual Use Güter","2b201.a1",199093
8000129,06.05.2014,"China, Volksrepublik","Dual Use Güter
Dual Use Güter","2B001.b2
2B201.a1",404763
8000144,07.05.2014,"Indonesien","Dual Use Güter","6A002.c1",22459
8000146,13.05.2014,"Vietnam","Dual Use Güter","2B201.a.1",159702
8000147,13.05.2014,"China, Volksrepublik","Dual Use Güter","2b201.a1",188758
8000150,13.05.2014,"China, Volksrepublik","Dual Use Güter","2b201.a1",190845
8000149,14.05.2014,"Tunesien","National kontrollierte Güter","5.1",1880
8000151,14.05.2014,"China, Volksrepublik","Dual Use Güter
Dual Use Güter","2B001.b.2
2B201.a.1",365436
8000151,14.05.2014,"China, Volksrepublik","Dual Use Güter
Dual Use Güter","2B001.b.2
2B201.a.1",365436
8000151,14.05.2014,"China, Volksrepublik","Dual Use Güter
Dual Use Güter","2B001.b.2
2B201.a.1",365436
8000151,14.05.2014,"China, Volksrepublik","Dual Use Güter
Dual Use Güter","2B001.b.2
2B201.a.1",365436
8000152,14.05.2014,"China, Volksrepublik","Dual Use Güter
Dual Use Güter","2B001.b2
2B201.a1",219438
8000153,14.05.2014,"China, Volksrepublik","Dual Use Güter
Dual Use Güter","2B001.b2
2B201.a1",1900488
8000155,14.05.2014,"Thailand","Dual Use Güter","6A002.c1",336908
8000160,19.05.2014,"Brasilien","Dual Use Güter","2b201.a1",180118
8000162,19.05.2014,"China, Volksrepublik","Dual Use Güter
Dual Use Güter","2B001.b.2
2B201.a.1",1913808
8000163,19.05.2014,"Brasilien","Dual Use Güter","2b201.a1",173872
8000164,20.05.2014,"Frankreich","National kontrollierte Güter","5.1",1950
8000157,20.05.2014,"China, Volksrepublik","Dual Use Güter
Dual Use Güter","2B001.b2
2B201.a1",229118
8000165,20.05.2014,"Indien","Besondere militärische Güter","ML10.c2",12100
8000167,23.05.2014,"Saudi-Arabien","National kontrollierte Güter","5.1",2050
8000167,23.05.2014,"Saudi-Arabien","National kontrollierte Güter","5.1",2080
8000176,26.05.2014,"Deutschland","Besondere militärische Güter","ML05",11095
8000173,27.05.2014,"Qatar","National kontrollierte Güter","5.1",4095
8000173,27.05.2014,"Qatar","National kontrollierte Güter","5.1",3055
8000122,27.05.2014,"Russische Föderation","Dual Use Güter
Dual Use Güter","2B120
7B003",1082421
8000123,27.05.2014,"Russische Föderation","Dual Use Güter
Dual Use Güter","7B003
2B120",1134000
8000123,27.05.2014,"Russische Föderation","Dual Use Güter","7B003",141390
8000184,05.06.2014,"China, Volksrepublik","Dual Use Güter","2b201.a1",200062
8000184,05.06.2014,"China, Volksrepublik","Dual Use Güter","2b201.a1",203741
8000184,05.06.2014,"China, Volksrepublik","Dual Use Güter","2b201.a1",200062
8000184,05.06.2014,"China, Volksrepublik","Dual Use Güter","2b201.a1",200062
8000184,05.06.2014,"China, Volksrepublik","Dual Use Güter","2b201.a1",200062
8000190,06.06.2014,"Malta","Dual Use Güter","6A002.c1",36550
8000190,06.06.2014,"Malta","Dual Use Güter","6A002.c1",44175
8000189,06.06.2014,"China, Volksrepublik","Dual Use Güter
Dual Use Güter","2B001.b2
2B201.a1",275605
8000187,06.06.2014,"Thailand","Dual Use Güter
Dual Use Güter","2B001.b2
2B201.a1",218667
8000181,06.06.2014,"Niederlande","Nukleargüter","0B001",121000
8000192,11.06.2014,"Deutschland","Nukleargüter","0B001",24500
8000198,12.06.2014,"Deutschland","Besondere militärische Güter","ML03",50
8000202,12.06.2014,"Oman","Dual Use Güter","6A002.c1",343800
8000205,13.06.2014,"China, Volksrepublik","Dual Use Güter","6a002.c1",487620
8000207,16.06.2014,"Indien","Dual Use Güter
Dual Use Güter","2B001.a1
2B001.a2",619568
8000206,16.06.2014,"Indien","Dual Use Güter
Dual Use Güter","2B001.a1
2B001.a2",175425
8000211,18.06.2014,"China, Volksrepublik","Dual Use Güter
Dual Use Güter","2B001.b2
2B201.a1",326858
8000204,20.06.2014,"Vereinigte Arabische Emirate","Besondere militärische Güter
Besondere militärische Güter","ML01.d
ML01.d",5500
8000204,20.06.2014,"Vereinigte Arabische Emirate","Besondere militärische Güter
Besondere militärische Güter","ML01.d
ML01.d",3200
8000215,23.06.2014,"Malta","Dual Use Güter","6A002.c1",61250
8000215,23.06.2014,"Malta","Dual Use Güter","6A002.c1",88350
8000216,24.06.2014,"China, Volksrepublik","Dual Use Güter
Dual Use Güter","2B001.b2
2B201.a1",323362
8000217,24.06.2014,"Vereinigte Arabische Emirate","Besondere militärische Güter","ML01.d",3200
8000212,25.06.2014,"Russische Föderation","Dual Use Güter
Dual Use Güter","2B120
7B003",605500
8000209,25.06.2014,"Saudi-Arabien","National kontrollierte Güter","5.1",10000
8000209,25.06.2014,"Saudi-Arabien","National kontrollierte Güter","5.1",770
8000209,25.06.2014,"Saudi-Arabien","National kontrollierte Güter","5.1",2870
8000209,25.06.2014,"Saudi-Arabien","National kontrollierte Güter","5.1",1260
8000209,25.06.2014,"Saudi-Arabien","National kontrollierte Güter","5.1",4210
8000209,25.06.2014,"Saudi-Arabien","National kontrollierte Güter","5.1",565
8000209,25.06.2014,"Saudi-Arabien","National kontrollierte Güter","5.1",900
8000209,25.06.2014,"Saudi-Arabien","National kontrollierte Güter","5.1",1800
8000209,25.06.2014,"Saudi-Arabien","National kontrollierte Güter","5.1",435
8000209,25.06.2014,"Saudi-Arabien","National kontrollierte Güter","5.1",2120
8000209,25.06.2014,"Saudi-Arabien","Besondere militärische Güter","ML01.d",440
8000220,01.07.2014,"Island","Besondere militärische Güter
Besondere militärische Güter","ML03
ML03",200
8000220,01.07.2014,"Island","Besondere militärische Güter","ML03",600
8000219,01.07.2014,"Bosnien-Herzegowina","Besondere militärische Güter
Besondere militärische Güter","ML03
ML03",7000
8000223,01.07.2014,"China, Volksrepublik","Dual Use Güter
Dual Use Güter","2B001.b2
2B201.a1",323362
8000224,01.07.2014,"China, Volksrepublik","Dual Use Güter
Dual Use Güter","2B001.b2
2B201.a1",323362
8000225,01.07.2014,"China, Volksrepublik","Dual Use Güter
Dual Use Güter","2B001.b2
2B201.a1",323362
8000222,01.07.2014,"Vereinigte Arabische Emirate","Besondere militärische Güter
Besondere militärische Güter","ML01
ML01",4800
8000226,01.07.2014,"China, Volksrepublik","Dual Use Güter
Dual Use Güter","2B001.b2
2B201.a1",1674860
8000231,03.07.2014,"Kasachstan","Dual Use Güter","6A002.c1",21554
8000231,03.07.2014,"Kasachstan","Dual Use Güter","6a002.c1",19037
8000229,04.07.2014,"Russische Föderation","Dual Use Güter
Dual Use Güter","7B003
2B120",505000
8000227,07.07.2014,"Niederlande","Nukleargüter","0B001",50000
8000234,10.07.2014,"China, Volksrepublik","Dual Use Güter
Dual Use Güter","2B001.b2
2B201.a1",358387
8000235,10.07.2014,"China, Volksrepublik","Dual Use Güter
Dual Use Güter","2B001.b2
2B201.a1",323362
8000246,22.07.2014,"Ägypten","Dual Use Güter","2B350.d3",81584
8000253,22.07.2014,"Saudi-Arabien","National kontrollierte Güter","5.1",5963.75
8000256,23.07.2014,"Malta","Dual Use Güter","6a002.c1",5400
8000256,23.07.2014,"Malta","Dual Use Güter","6A002.c1",30600
8000257,23.07.2014,"Brasilien","Dual Use Güter","6A002.c1",170397
8000254,23.07.2014,"Deutschland","Besondere militärische Güter","ML04",6074
8000258,24.07.2014,"Vereinigte Staaten von Amerika","Besondere militärische Güter","ML05",30200
8000250,25.07.2014,"Vereinigte Staaten von Amerika","Nukleargüter","0B001",23500
8000264,28.07.2014,"Indien","Besondere militärische Güter","ML10.c.2",296680
8000265,30.07.2014,"Macao","Besondere militärische Güter","ML03.a",16500
8000265,30.07.2014,"Macao","Besondere militärische Güter","ML03.a",1000
8000267,30.07.2014,"Kasachstan","Dual Use Güter","6a002.c1",10305
8000267,30.07.2014,"Kasachstan","Dual Use Güter","6A002.c1",8157
8000267,30.07.2014,"Kasachstan","Dual Use Güter","6A002.c1",18650
8000261,30.07.2014,"China, Volksrepublik","National kontrollierte Güter","5.1",29234.5
8000261,30.07.2014,"China, Volksrepublik","National kontrollierte Güter","5.1",51400.8
8000261,30.07.2014,"China, Volksrepublik","National kontrollierte Güter","5.1",217282.25
8000261,30.07.2014,"China, Volksrepublik","National kontrollierte Güter","5.1",133517
8000255,04.08.2014,"China, Volksrepublik","Dual Use Güter","2B120",33950
8000279,07.08.2014,"Brasilien","Dual Use Güter
Dual Use Güter","2B001.b2
2B201.a1",248656
8000275,07.08.2014,"China, Volksrepublik","Dual Use Güter
Dual Use Güter","2B001.b2
2B201.a1",521434
8000276,07.08.2014,"China, Volksrepublik","Dual Use Güter
Dual Use Güter","2B001.b2
2B201.a1",435936
8000280,08.08.2014,"Frankreich","Besondere militärische Güter","ML10.c2",6865
8000283,08.08.2014,"China, Volksrepublik","Dual Use Güter","2B001.b2",243133
8000285,11.08.2014,"Indien","Dual Use Güter
Dual Use Güter","2B201
2B001",1942960
8000293,14.08.2014,"China, Volksrepublik","Dual Use Güter
Dual Use Güter","2B001.b2
2B201.a1",374080
8000297,20.08.2014,"Indien","Dual Use Güter
Dual Use Güter","2B001.a1
2B001.a2",318226
8000286,21.08.2014,"China, Volksrepublik","Dual Use Güter
Dual Use Güter","7B003
2B120",435000
8000286,21.08.2014,"China, Volksrepublik","Dual Use Güter
Dual Use Güter","7B003
2B120",821000
8000286,21.08.2014,"China, Volksrepublik","Dual Use Güter","7B003",167000
8000286,21.08.2014,"China, Volksrepublik","Dual Use Güter","7B003",198000
8000286,21.08.2014,"China, Volksrepublik","Dual Use Güter","7B003",215000
8000292,26.08.2014,"Oman","Besondere militärische Güter","ML03",3600
8000251,29.08.2014,"Russische Föderation","Dual Use Güter","2B120",29000
8000302,30.08.2014,"Frankreich","Besondere militärische Güter","ML10.c2",2100
8000308,01.09.2014,"Brasilien","Besondere militärische Güter
Besondere militärische Güter","ML03
ML03",250
8000308,01.09.2014,"Brasilien","Besondere militärische Güter","ML03",3000
8000315,04.09.2014,"China, Volksrepublik","Dual Use Güter
Dual Use Güter","2B001.a1
2B001.a2",87194
8000316,05.09.2014,"Kuwait","National kontrollierte Güter","5.1",4662
8000317,05.09.2014,"Litauen","National kontrollierte Güter","5.1",1415.7
8000317,05.09.2014,"Litauen","National kontrollierte Güter","5.1",922
8000319,08.09.2014,"China, Volksrepublik","Dual Use Güter","2B001.b2",215952.95
8000321,09.09.2014,"China, Volksrepublik","Dual Use Güter","6A002.c1",801407.2
8000321,09.09.2014,"China, Volksrepublik","Dual Use Güter","6A002.c1",466701.8
8000321,09.09.2014,"China, Volksrepublik","Dual Use Güter","6A002.c1",1018258.6
8000321,09.09.2014,"China, Volksrepublik","Dual Use Güter","6A002.c1",306420.4
8000322,09.09.2014,"China, Volksrepublik","Dual Use Güter","6A002.c1",1639671
8000322,09.09.2014,"China, Volksrepublik","Dual Use Güter","6A002.c1",1022972.7
8000324,09.09.2014,"China, Volksrepublik","Dual Use Güter","2B001.b2",212683.45
8000327,12.09.2014,"Russische Föderation","Dual Use Güter","2B350.d3",37253.92
8000330,16.09.2014,"Malta","Dual Use Güter","6A002.c1",18434.2
8000330,16.09.2014,"Malta","Dual Use Güter","6A002.c1",8174
8000330,16.09.2014,"Malta","Dual Use Güter","6A002.c1",29963.2
8000331,17.09.2014,"Indien","Dual Use Güter
Dual Use Güter","2B001.a1
2B001.a2",322004
8000333,17.09.2014,"Israel","Dual Use Güter","6A002.c1",59483.2
8000343,24.09.2014,"China, Volksrepublik","Dual Use Güter
Dual Use Güter","2B001.b.2
2B201.a.1",340976.91
8000344,25.09.2014,"China, Volksrepublik","Dual Use Güter
Dual Use Güter","2B001.b.2
2B201.a.1",339569.94
8000345,25.09.2014,"China, Volksrepublik","Dual Use Güter
Dual Use Güter","2B001.b.2
2B201.a.1",343402
8000329,29.09.2014,"Israel","National kontrollierte Güter","5.1",2730
8000346,29.09.2014,"China, Volksrepublik","Dual Use Güter
Dual Use Güter","2B001.b.2
2B201.a.1",340204
8000289,30.09.2014,"Hongkong","Dual Use Güter
Dual Use Güter","2B201.a1
2B001.b",369673
8000349,30.09.2014,"Frankreich","Besondere militärische Güter","ML10",5610
8000362,01.10.2014,"Russische Föderation","Dual Use Güter","2B350",3500
8000362,01.10.2014,"Russische Föderation","Dual Use Güter","2B350",14500
8000358,01.10.2014,"China, Taiwan","Dual Use Güter","2B201",315000
8000355,01.10.2014,"China, Volksrepublik","Dual Use Güter","2B201",635000
8000360,01.10.2014,"Russische Föderation","Dual Use Güter
Dual Use Güter","2B001
2B201",1350000
8000341,01.10.2014,"Russische Föderation","Dual Use Güter
Dual Use Güter","2B001.a1
2B001.a2",83431.7
8000347,01.10.2014,"Israel","Dual Use Güter
Dual Use Güter","7B003
2B120",482850
8000369,01.10.2014,"Kanada","National kontrollierte Güter","5.1",900
8000368,01.10.2014,"Israel","Dual Use Güter","2B201",207000
8000367,02.10.2014,"Indonesien","Dual Use Güter","2B001.b2",242093
8000370,02.10.2014,"Ägypten","Dual Use Güter","2B001.a",105432.55
8000375,03.10.2014,"Russische Föderation","Dual Use Güter","2B350.d3",3000
8000375,03.10.2014,"Russische Föderation","Dual Use Güter","2B350.g3",16000
8000374,03.10.2014,"Russische Föderation","Dual Use Güter","2B001",190766
8000381,06.10.2014,"Saudi-Arabien","Nukleargüter","0C003",8353.25
8000387,06.10.2014,"Chile","Dual Use Güter","5A002.a1a",17122
8000383,07.10.2014,"Russische Föderation","Dual Use Güter","2B001",190539
8000383,07.10.2014,"Russische Föderation","Dual Use Güter","2B001",313238.95
8000388,07.10.2014,"Vereinigte Arabische Emirate","Dual Use Güter","6A005.A6.B2",757702
8000395,08.10.2014,"Tschechische Republik","Dual Use Güter","2B201.b",162000
8000359,08.10.2014,"China, Volksrepublik","Dual Use Güter
Dual Use Güter","2B001.c
2B201.b",1850000
8000407,08.10.2014,"Israel","Dual Use Güter","2B350.g2",3800
8000398,08.10.2014,"Singapur","National kontrollierte Güter","5.1",3890.25
8000398,08.10.2014,"Singapur","National kontrollierte Güter","5.1",4290
8000398,08.10.2014,"Singapur","National kontrollierte Güter","5.1",2990
8000262,08.10.2014,"Indien","Dual Use Güter","1C351",288
8000262,08.10.2014,"Indien","Dual Use Güter","1C351",288
8000262,08.10.2014,"Indien","Dual Use Güter","1C351",288
8000262,08.10.2014,"Indien","Dual Use Güter","1C351",288
8000380,08.10.2014,"China, Volksrepublik","Dual Use Güter","6A005",360000
8000393,08.10.2014,"Jordanien","Dual Use Güter","5A002.a1a",7417600
8000401,08.10.2014,"Russische Föderation","Dual Use Güter","6A005.a6b2",200000
8000404,08.10.2014,"Indonesien","Dual Use Güter","3A001.A2C",110580
8000420,08.10.2014,"China, Taiwan","Chemikalien CWÜ
Dual Use Güter","3B.14
1C350.9",11292
8000418,09.10.2014,"China, Taiwan","Dual Use Güter","2B201.b",247500
8000402,09.10.2014,"Israel","Dual Use Güter
Dual Use Güter","2B001.b2
2B201.a1",343200
8000431,10.10.2014,"China, Volksrepublik","Dual Use Güter","3A001.A5A2",19650
8000432,10.10.2014,"China, Volksrepublik","Dual Use Güter","3A001.A2C",578250
8000397,13.10.2014,"Russische Föderation","Dual Use Güter
Dual Use Güter","2B001.b2
2B201.a1",636731
8000445,13.10.2014,"China, Volksrepublik","Dual Use Güter","3A001.A5A4",13210
8000446,13.10.2014,"China, Volksrepublik","Dual Use Güter","3A001.A2C",269900
8000447,13.10.2014,"China, Volksrepublik","Dual Use Güter","3A001.A2C",176500
8000448,13.10.2014,"Hongkong","Dual Use Güter","3A001.A2C",93650
8000451,13.10.2014,"Spanien","Besondere militärische Güter","ML10.c2",2750
8000399,13.10.2014,"China, Volksrepublik","Dual Use Güter","3A001.g2",82998
8000449,13.10.2014,"Russische Föderation","Dual Use Güter","3A001.a7a",4300
8000450,13.10.2014,"Qatar","National kontrollierte Güter","5.1",158297
8000363,14.10.2014,"Russische Föderation","Dual Use Güter","2B120",29000
8000442,14.10.2014,"Russische Föderation","Dual Use Güter","2B001.a",341539.3
8000443,14.10.2014,"Russische Föderation","Dual Use Güter","2B001.a",229463
8000443,14.10.2014,"Russische Föderation","Dual Use Güter","2B001.a",273193
8000453,14.10.2014,"Grossbritannien","Besondere militärische Güter","ML18.a",636648
8000424,14.10.2014,"Russische Föderation","Dual Use Güter
Dual Use Güter","2B001.c
2B201.b1",676000
8000460,14.10.2014,"China, Taiwan","Dual Use Güter","6A005.a6b2",575721
8000455,14.10.2014,"Israel","Dual Use Güter","6A005.A6.A",28875
8000468,14.10.2014,"China, Taiwan","Dual Use Güter
Dual Use Güter","2B001.a1
2B001.a2",192472
8000458,14.10.2014,"El Salvador","National kontrollierte Güter","5.1",518
8000458,14.10.2014,"El Salvador","National kontrollierte Güter","5.1",11228
8000433,14.10.2014,"Thailand","Dual Use Güter","2B001.a",10000
8000434,14.10.2014,"Thailand","Dual Use Güter","2B001.a",96000
8000434,14.10.2014,"Thailand","Dual Use Güter","2B001.a",30000
8000428,15.10.2014,"Russische Föderation","Dual Use Güter","2B201.b",315000
8000427,15.10.2014,"Russische Föderation","Dual Use Güter","2B201.b",401000
8000464,15.10.2014,"China, Volksrepublik","Dual Use Güter
Dual Use Güter","7B003
2B120",2050000
8000470,15.10.2014,"China, Volksrepublik","Dual Use Güter
Dual Use Güter","2B001.b2
2B201.a1",1320000
8000474,15.10.2014,"Russische Föderation","Dual Use Güter","2B001.a",74219
8000480,15.10.2014,"Russische Föderation","Dual Use Güter
Dual Use Güter","2B001.c
2B201.b",1160000
8000483,15.10.2014,"Russische Föderation","Dual Use Güter","6A005.a6b2",310000
8000483,15.10.2014,"Russische Föderation","Dual Use Güter","6A005.a6b2",310000
8000482,15.10.2014,"Russische Föderation","Dual Use Güter","6A005.a6b2",310000
8000484,15.10.2014,"Russische Föderation","Dual Use Güter
Dual Use Güter","2B001.b
2B201.a",268400
8000484,15.10.2014,"Russische Föderation","Dual Use Güter
Dual Use Güter","2B001.b
2B201.a",268400
8000475,16.10.2014,"China, Volksrepublik","National kontrollierte Güter","5.1",25920
8000475,16.10.2014,"China, Volksrepublik","National kontrollierte Güter","5.1",7452
8000475,16.10.2014,"China, Volksrepublik","National kontrollierte Güter","5.1",477
8000492,16.10.2014,"Indien","Dual Use Güter
Dual Use Güter","2B001.b2
2B201.a1",363367
8000490,16.10.2014,"China, Volksrepublik","Dual Use Güter","2B001.b2",309075
8000489,16.10.2014,"China, Taiwan","Dual Use Güter","2B001.b2",300970
8000481,16.10.2014,"China, Volksrepublik","Dual Use Güter","6A005.a6b2",382447
8000496,16.10.2014,"Bangladesch","Dual Use Güter","5A002.a1",10560
8000496,16.10.2014,"Bangladesch","Dual Use Güter","5D002.a",9
8000485,16.10.2014,"Brasilien","Dual Use Güter","6A005.a6b2",200000
8000497,16.10.2014,"China, Volksrepublik","Dual Use Güter
Dual Use Güter","2B001.c
2B201.b",1144776
8000499,16.10.2014,"China, Volksrepublik","Dual Use Güter
Dual Use Güter","2B001.c
2B201.b",2087477
8000500,16.10.2014,"Malaysia","Dual Use Güter
Dual Use Güter","2B001.c
2B201.b",1476000
8000491,16.10.2014,"Israel","Dual Use Güter
Dual Use Güter","2B001.b
2B201.a",275424
8000503,16.10.2014,"Russische Föderation","Besondere militärische Güter","ML17.h",15172400
8000503,16.10.2014,"Russische Föderation","Besondere militärische Güter","ML17.h",38351000
8000507,16.10.2014,"Bulgarien","Dual Use Güter","2B201.b",479700
8000488,16.10.2014,"Russische Föderation","Dual Use Güter","2B350.g2",6680.65
8000488,16.10.2014,"Russische Föderation","Dual Use Güter","2B350.g2",13361.35
8000437,16.10.2014,"Belarus","Dual Use Güter
Dual Use Güter","7B003
2B120",1501791.5
8000506,17.10.2014,"Estland","Dual Use Güter","6A002.c2",382500
8000506,17.10.2014,"Estland","Besondere militärische Güter","ML15.b",697125
8000509,17.10.2014,"Iran","Sanktionsgüter","III.A1.003",73
8000509,17.10.2014,"Iran","Sanktionsgüter","III.A1.003",1790
8000510,17.10.2014,"China, Volksrepublik","Dual Use Güter","2B350.c3",34085
8000510,17.10.2014,"China, Volksrepublik","Dual Use Güter","2B350.i4",8030
8000510,17.10.2014,"China, Volksrepublik","Dual Use Güter","2B350.g2",44190
8000510,17.10.2014,"China, Volksrepublik","Dual Use Güter","2B350.d3",32625
8000510,17.10.2014,"China, Volksrepublik","Dual Use Güter","2B350.g3",189050
8000510,17.10.2014,"China, Volksrepublik","Dual Use Güter","2B350.e3",11400
8000510,17.10.2014,"China, Volksrepublik","Dual Use Güter","2B350.a3",90070
8000510,17.10.2014,"China, Volksrepublik","Dual Use Güter","2B350.b3",7460
8000511,17.10.2014,"Russische Föderation","Dual Use Güter","3A001.a7a",3900
8000463,17.10.2014,"China, Volksrepublik","Dual Use Güter","3A228.c",66800
8000419,17.10.2014,"Serbien","Dual Use Güter
Dual Use Güter","2B001.b
2B201.a",15860
8000508,17.10.2014,"Ägypten","Dual Use Güter
Dual Use Güter","2B001.b1
2B201.a1",7588
8000516,17.10.2014,"China, Volksrepublik","Dual Use Güter","3A001.g2",7685
8000454,17.10.2014,"Russische Föderation","Dual Use Güter
Dual Use Güter","2B001.b2
2B201.a1",256342
8000514,20.10.2014,"Russische Föderation","Dual Use Güter","3A001.a7a",1775
8000514,20.10.2014,"Russische Föderation","Dual Use Güter","3A001.a7a",3946
8000528,21.10.2014,"China, Volksrepublik","Dual Use Güter","2B001.a",166280
8000518,21.10.2014,"China, Volksrepublik","National kontrollierte Güter","5.2",100000
8000531,21.10.2014,"Iran","Sanktionsgüter","Iran-Sanktionen III.A1.003, Anhang 2",584.92
8000531,21.10.2014,"Iran","Sanktionsgüter","Iran-Sanktionen III.A1.003, Anhang 2",103.63
8000520,21.10.2014,"Indien","National kontrollierte Güter","5.1",6783
8000520,21.10.2014,"Indien","National kontrollierte Güter","5.1",3298.4
8000537,21.10.2014,"Indien","National kontrollierte Güter","5.1",1303
8000532,21.10.2014,"Russische Föderation","Dual Use Güter
Dual Use Güter","2B001.c
2B201.b",1760820
8000487,21.10.2014,"Russische Föderation","Dual Use Güter","2B350.g2",496.8
8000540,21.10.2014,"Indien","National kontrollierte Güter","5.1",1790
8000540,21.10.2014,"Indien","National kontrollierte Güter","5.1",1392
8000540,21.10.2014,"Indien","National kontrollierte Güter","5.1",1328
8000540,21.10.2014,"Indien","National kontrollierte Güter","5.1",100
8000544,21.10.2014,"Singapur","Dual Use Güter","6A005.a6.b2",80976
8000556,22.10.2014,"Dominikanische Republik","Dual Use Güter","5A002.a1a",5760
8000555,22.10.2014,"China, Volksrepublik","Dual Use Güter","3A001.a5a5",31070
8000558,22.10.2014,"Trinidad und Tobago","National kontrollierte Güter","5.1",1220
8000558,22.10.2014,"Trinidad und Tobago","National kontrollierte Güter","5.1",843
8000558,22.10.2014,"Trinidad und Tobago","National kontrollierte Güter","5.1",1382
8000553,22.10.2014,"Deutschland","Nukleargüter","0B002.g",21998
8000561,22.10.2014,"Chile","Dual Use Güter","2B352",74114.3
8000546,22.10.2014,"Indien","National kontrollierte Güter","5.1",7700
8000534,22.10.2014,"China, Volksrepublik","Dual Use Güter","7D101",388800
8000547,22.10.2014,"Thailand","National kontrollierte Güter","5.1",18300
8000565,22.10.2014,"Vereinigte Staaten von Amerika","National kontrollierte Güter","5.1",5
8000565,22.10.2014,"Vereinigte Staaten von Amerika","National kontrollierte Güter","5.1",90
8000566,23.10.2014,"China, Volksrepublik","Dual Use Güter
Dual Use Güter","2B001.b2
2B201.a1",427400
8000564,24.10.2014,"China, Volksrepublik","Dual Use Güter
Dual Use Güter","2B001.b2
2B201.a1",395500
8000586,24.10.2014,"Singapur","Dual Use Güter","1C231",4200
8000567,24.10.2014,"China, Volksrepublik","Dual Use Güter
Dual Use Güter","2B001.b2
2B201.a1",550000
8000568,24.10.2014,"China, Volksrepublik","Dual Use Güter
Dual Use Güter","2B001.b2
2B201.a1",650000
8000569,24.10.2014,"China, Volksrepublik","Dual Use Güter","2B001.b2",247200
8000575,24.10.2014,"Deutschland","Nukleargüter","0B002",15246
8000570,24.10.2014,"Dänemark","Dual Use Güter
Dual Use Güter","2B001.c2
2B201.b2",900000
8000571,24.10.2014,"Russische Föderation","Dual Use Güter","6A005.a6.b2",184171
8000593,24.10.2014,"Indien","Dual Use Güter","1C231",1570
8000597,24.10.2014,"Indien","National kontrollierte Güter","5.1",1515
8000576,24.10.2014,"Russische Föderation","Dual Use Güter","2B350.g2",6000
8000576,24.10.2014,"Russische Föderation","Dual Use Güter","2B350.g2",3900
8000599,24.10.2014,"Singapur","National kontrollierte Güter","5.1",1300
8000601,24.10.2014,"Indien","National kontrollierte Güter","5.1",1303
8000601,24.10.2014,"Indien","National kontrollierte Güter","5.1",1365
8000601,24.10.2014,"Indien","National kontrollierte Güter","5.1",1515
8000592,27.10.2014,"China, Volksrepublik","Dual Use Güter","2B001.a",152342
8000589,27.10.2014,"Niederlande","Dual Use Güter","2B350.g2",1238
8000595,27.10.2014,"Deutschland","Dual Use Güter","2B350.g2",20677
8000606,27.10.2014,"China, Volksrepublik","Dual Use Güter","3A001.a2c",9290
8000614,27.10.2014,"Vereinigte Staaten von Amerika","Dual Use Güter","7A103.a1",31200
8000577,27.10.2014,"Russische Föderation","Dual Use Güter
Dual Use Güter","7B003
2B120",782800
8000609,28.10.2014,"Vereinigte Staaten von Amerika","Besondere militärische Güter","ML18.a",12097224
8000596,28.10.2014,"Vietnam","Besondere militärische Güter","ML11.a",596580
8000619,28.10.2014,"China, Taiwan","Dual Use Güter","2B001.a",1018200
8000631,29.10.2014,"Südafrika","Dual Use Güter
Dual Use Güter","2B001.b
2B201.a",1184100
8000611,29.10.2014,"China, Volksrepublik","Dual Use Güter","7A103.a",57524
8000613,29.10.2014,"Kolumbien","Dual Use Güter","7A103.a",106895
8000643,29.10.2014,"Singapur","Dual Use Güter","1C231",4200
8000633,29.10.2014,"Indien","Dual Use Güter","2B001.a",2711752.88
8000623,29.10.2014,"Russische Föderation","Dual Use Güter","2B001.a",428560
8000640,29.10.2014,"Malaysia","Dual Use Güter","2B001.a",1068000
8000610,30.10.2014,"Estland","Dual Use Güter","7A003.c1",261230
8000610,30.10.2014,"Estland","Dual Use Güter","6A002.c1",804090
8000610,30.10.2014,"Estland","Besondere militärische Güter","ML05.b",345675
8000628,30.10.2014,"Russische Föderation","Dual Use Güter","2B001.a",233011
8000628,30.10.2014,"Russische Föderation","Dual Use Güter","2B001.a",182935
8000628,30.10.2014,"Russische Föderation","Dual Use Güter","2B001.a",155559
8000628,30.10.2014,"Russische Föderation","Dual Use Güter","2B001.a",155559
8000628,30.10.2014,"Russische Föderation","Dual Use Güter","2B001.a",206426
8000628,30.10.2014,"Russische Föderation","Dual Use Güter","2B001.a",155559
8000628,30.10.2014,"Russische Föderation","Dual Use Güter","2B001.a",206426
8000629,30.10.2014,"Russische Föderation","Dual Use Güter","2B201.a",259146
8000656,30.10.2014,"Oman","Dual Use Güter","3A002.g2",57344
8000662,30.10.2014,"Kongo, Demokratische Republik (ex-Zaire)","Dual Use Güter","2B350.g2",5160
8000667,30.10.2014,"Belgien","National kontrollierte Güter","5.1",295.35
8000668,31.10.2014,"Österreich","National kontrollierte Güter","5.1",274.72
8000684,31.10.2014,"Tunesien","National kontrollierte Güter","5.1",51
8000684,31.10.2014,"Tunesien","National kontrollierte Güter","5.1",69
8000684,31.10.2014,"Tunesien","National kontrollierte Güter","5.1",350
8000622,31.10.2014,"Vereinigte Staaten von Amerika","National kontrollierte Güter","5.1",17340
8000622,31.10.2014,"Vereinigte Staaten von Amerika","National kontrollierte Güter","5.1",1980
8000681,31.10.2014,"Belarus","Dual Use Güter","2B352.b",100145.05
8000679,31.10.2014,"Singapur","Dual Use Güter","2B201.b1",336522
8000680,31.10.2014,"Singapur","Dual Use Güter","2B201.b1",492320
8000657,31.10.2014,"China, Volksrepublik","Dual Use Güter","6A005.a6a",151200
8000686,31.10.2014,"Israel","Dual Use Güter","1C231",3300
8000655,31.10.2014,"Vietnam","Besondere militärische Güter","ML11.a",993120.85
8000690,03.11.2014,"Israel","Dual Use Güter","7A002",6021
8000687,03.11.2014,"China, Volksrepublik","Dual Use Güter","6A005.A6B2",196800
8000703,03.11.2014,"Tunesien","National kontrollierte Güter","5.1",2465
8000703,03.11.2014,"Tunesien","National kontrollierte Güter","5.1",78
8000600,04.11.2014,"Chile","National kontrollierte Güter","5.1",5121.65
8000600,04.11.2014,"Chile","National kontrollierte Güter","5.1",5121.65
8000600,04.11.2014,"Chile","National kontrollierte Güter","5.1",5121.65
8000600,04.11.2014,"Chile","National kontrollierte Güter","5.1",5121.65
8000714,04.11.2014,"Saudi-Arabien","National kontrollierte Güter","5.2",500
8000709,04.11.2014,"Hongkong","Dual Use Güter","3A001.a2a",47150
8000715,04.11.2014,"Singapur","Chemikalien CWÜ","3B.16",103.5
8000698,04.11.2014,"China, Volksrepublik","Dual Use Güter
Dual Use Güter","2B001.b2
2B201.a1",277016
8000719,04.11.2014,"Indien","Dual Use Güter","5A002.a1a",152193
8000699,05.11.2014,"China, Volksrepublik","Dual Use Güter","2B201.b1",403297
8000720,05.11.2014,"China, Volksrepublik","Dual Use Güter","3A002.g2",47600
8000717,05.11.2014,"Slowakische Republik","Dual Use Güter","6A005.a6b2",197850
8000716,05.11.2014,"China, Volksrepublik","Dual Use Güter","2B005.e",4560000
8000718,05.11.2014,"Lettland","Dual Use Güter
Dual Use Güter","2B001.b2
2B201.a1",338626
8000721,05.11.2014,"China, Taiwan","Dual Use Güter","2B001.a",1295000
8000724,05.11.2014,"Israel","Dual Use Güter","3A001.a10c",8083
8000732,05.11.2014,"Chile","National kontrollierte Güter","5.1",7306
8000727,05.11.2014,"Iran","National kontrollierte Güter","5.1",5775
8000727,05.11.2014,"Iran","National kontrollierte Güter","5.1",5775
8000727,05.11.2014,"Iran","National kontrollierte Güter","5.1",5775
8000727,05.11.2014,"Iran","National kontrollierte Güter","5.1",5775
8000727,05.11.2014,"Iran","National kontrollierte Güter","5.1",5775
8000727,05.11.2014,"Iran","National kontrollierte Güter","5.1",5775
8000727,05.11.2014,"Iran","National kontrollierte Güter","5.1",5775
8000727,05.11.2014,"Iran","National kontrollierte Güter","5.1",5775
8000727,05.11.2014,"Iran","National kontrollierte Güter","5.1",5775
8000727,05.11.2014,"Iran","National kontrollierte Güter","5.1",5775
8000727,05.11.2014,"Iran","National kontrollierte Güter","5.1",5775
8000727,05.11.2014,"Iran","National kontrollierte Güter","5.1",5775
8000722,06.11.2014,"Jordanien","Besondere militärische Güter","ML17.h",200
8000588,06.11.2014,"Singapur","Dual Use Güter","5A001.h",64798
8000729,06.11.2014,"China, Volksrepublik","Dual Use Güter
Dual Use Güter","2B201.a1
2B001.b2",1494164
8000730,06.11.2014,"China, Volksrepublik","Dual Use Güter
Dual Use Güter","2B201
2B001",3179930
8000711,06.11.2014,"Russische Föderation","Dual Use Güter","2B001.a",224000
8000711,06.11.2014,"Russische Föderation","Dual Use Güter","2B001.a",240000
8000691,06.11.2014,"Russische Föderation","Dual Use Güter","2B201.a",147134
8000737,06.11.2014,"Indien","Dual Use Güter","2B350.g3",45700
8000737,06.11.2014,"Indien","Dual Use Güter","2B350.d3",29000
8000736,06.11.2014,"Deutschland","Dual Use Güter
Dual Use Güter","2B001.b2
2B201.a1",246506
8000738,06.11.2014,"Brasilien","Dual Use Güter","6A002.c1",517.8
8000738,06.11.2014,"Brasilien","Dual Use Güter","6A002.c1",381
8000740,06.11.2014,"Hongkong","Dual Use Güter","3A001.a2c",7090
8000683,07.11.2014,"Russische Föderation","Dual Use Güter","6A005.a6b2",410000
8000749,07.11.2014,"Indien","Besondere militärische Güter
Besondere militärische Güter","ML13
ML22",5000000
8000753,07.11.2014,"Saudi-Arabien","Dual Use Güter","2B350.g",6190
8000753,07.11.2014,"Saudi-Arabien","Dual Use Güter","2B350.c",29280
8000739,10.11.2014,"Iran","Sanktionsgüter","Anh.2 / III.B.001",6620500
8000773,10.11.2014,"Hongkong","Dual Use Güter","3A001.a5a2",443500
8000774,10.11.2014,"Hongkong","Dual Use Güter","3A001.a2c",169950
8000779,10.11.2014,"Niederlande","Dual Use Güter","2B350.g2",2582
8000777,10.11.2014,"Vereinigte Staaten von Amerika","National kontrollierte Güter","5.1",162000
8000775,10.11.2014,"China, Volksrepublik","Dual Use Güter","3A002.g2",48408
8000788,11.11.2014,"Indien","Dual Use Güter","1C231",1570
8000789,12.11.2014,"Brasilien","Besondere militärische Güter","ML10.a",258654
8000782,12.11.2014,"Saudi-Arabien","National kontrollierte Güter","5.1",89600
8000795,12.11.2014,"Vietnam","Dual Use Güter","6A005.a6b2",580000
8000796,12.11.2014,"China, Taiwan","Dual Use Güter","6A005.a6a",78650
8000801,12.11.2014,"China, Taiwan","Dual Use Güter","5A002.a1a",12000
8000792,12.11.2014,"China, Taiwan","Dual Use Güter","5A002.a1a",8000
8000696,13.11.2014,"Myanmar (Union)","National kontrollierte Güter","5.1",6480
8000696,13.11.2014,"Myanmar (Union)","National kontrollierte Güter","5.1",8100
8000696,13.11.2014,"Myanmar (Union)","National kontrollierte Güter","5.1",24960
8000696,13.11.2014,"Myanmar (Union)","National kontrollierte Güter","5.1",5150
8000761,13.11.2014,"Russische Föderation","Dual Use Güter","2B350.g3",3000
8000761,13.11.2014,"Russische Föderation","Dual Use Güter","2B350.i4",3750
8000578,13.11.2014,"Russische Föderation","Dual Use Güter","3A001.a7a",4600
8000793,13.11.2014,"Ukraine","Dual Use Güter","2B352.b",298871
8000794,13.11.2014,"Russische Föderation","Dual Use Güter","2B350.g",12240
8000665,13.11.2014,"Russische Föderation","Dual Use Güter
Dual Use Güter","2B001.b2
2B201.a1",399997
8000702,13.11.2014,"Russische Föderation","Dual Use Güter","2B350.d3",21520.98
8000785,13.11.2014,"China, Volksrepublik","Dual Use Güter
Dual Use Güter","7B003
2B120",660000
8000778,13.11.2014,"Deutschland","Besondere militärische Güter","ML05.A",1336.08
8000787,13.11.2014,"Russische Föderation","Dual Use Güter","2B201.a",98000
8000695,13.11.2014,"Russische Föderation","Dual Use Güter","2B120.a",2397200
8000758,13.11.2014,"Russische Föderation","Dual Use Güter","2B350.g3",5000
8000760,13.11.2014,"Russische Föderation","Dual Use Güter","2B350.g3",2800
8000840,13.11.2014,"Singapur","Dual Use Güter","2B001.d",255995
8000845,14.11.2014,"Saudi-Arabien","Dual Use Güter
Dual Use Güter","2B001.b
2B201.a",40000
8000797,14.11.2014,"Neuseeland","National kontrollierte Güter","5.1",200
8000797,14.11.2014,"Neuseeland","National kontrollierte Güter","5.1",100
8000797,14.11.2014,"Neuseeland","National kontrollierte Güter","5.1",800
8000797,14.11.2014,"Neuseeland","National kontrollierte Güter","5.1",1200
8000797,14.11.2014,"Neuseeland","National kontrollierte Güter","5.1",100
8000797,14.11.2014,"Neuseeland","National kontrollierte Güter","5.1",100
8000748,14.11.2014,"China, Taiwan","Dual Use Güter","2B350.g",15527.4
8000846,14.11.2014,"Saudi-Arabien","Dual Use Güter","5D002.c1",46500
8000841,14.11.2014,"China, Volksrepublik","Dual Use Güter","2B001.b3",989336
8000848,14.11.2014,"China, Volksrepublik","Dual Use Güter
Dual Use Güter","2B001.b2
2B201.a1",275202
8000849,14.11.2014,"China, Volksrepublik","Dual Use Güter
Dual Use Güter","2B001.b2
2B201.a1",374443
8000850,14.11.2014,"China, Volksrepublik","Dual Use Güter","2B001.b2",226318
8000750,17.11.2014,"China, Taiwan","Dual Use Güter","2B350.d3",13596
8000798,17.11.2014,"Pakistan","Besondere militärische Güter","ML22",12000
8000861,17.11.2014,"Saudi-Arabien","Dual Use Güter","5D002.c1",46500
8000862,17.11.2014,"Thailand","Dual Use Güter","5A001.i",105275
8000865,17.11.2014,"Qatar","Dual Use Güter","5A001.i",6082794
8000867,17.11.2014,"Singapur","Dual Use Güter","2B201.b1",434760
8000574,17.11.2014,"China, Volksrepublik","Dual Use Güter
Dual Use Güter","2B001.a1
2B001.a2",131363
8000874,17.11.2014,"China, Volksrepublik","Dual Use Güter","3A001.g2",1513
8000838,17.11.2014,"Indien","National kontrollierte Güter","5.1",2730
8000875,18.11.2014,"Türkei","Dual Use Güter
Dual Use Güter","2B001.b
2B201.a",181170
8000877,18.11.2014,"Türkei","Dual Use Güter
Dual Use Güter","2B001.b
2B201.a",157000
8000879,18.11.2014,"Oman","National kontrollierte Güter","5.1",29152
8000560,18.11.2014,"China, Volksrepublik","Dual Use Güter","3A002.G2",206963
8000790,18.11.2014,"Pakistan","Dual Use Güter","2B350.G2",13488
8000742,18.11.2014,"China, Volksrepublik","Dual Use Güter","3A002.G2",276912
8000757,18.11.2014,"Russische Föderation","Dual Use Güter","2B001.a",200857
8000757,18.11.2014,"Russische Föderation","Dual Use Güter","2B001.a",381189
8000836,18.11.2014,"Russische Föderation","Dual Use Güter","2B350.g2",370
8000882,18.11.2014,"Türkei","Dual Use Güter
Dual Use Güter","2B001.b2
2B201.a1",223354
8000881,18.11.2014,"Türkei","Dual Use Güter
Dual Use Güter","2B001.b2
2B201.a1",203302
8000884,18.11.2014,"China, Volksrepublik","Dual Use Güter","2B001.a",220000
8000885,18.11.2014,"Mexiko","Dual Use Güter","5A002",250
8000891,18.11.2014,"Swasiland","Dual Use Güter","5A002.a1a",5482
8000891,18.11.2014,"Swasiland","Dual Use Güter","5A002.a1a",14051.06
8000892,18.11.2014,"Hongkong","Dual Use Güter","3A001.a5a3",242310
8000894,18.11.2014,"Ukraine","Dual Use Güter","7B003",35400
8000893,19.11.2014,"Malta","Dual Use Güter","6A002.c1",39054
8000899,19.11.2014,"Deutschland","Dual Use Güter","2B350.g2",5175
8000900,19.11.2014,"Niederlande","Dual Use Güter","2B350.g2",1233
8000896,19.11.2014,"Deutschland","Besondere militärische Güter","ML06.a",145000
8000908,19.11.2014,"Vereinigte Arabische Emirate","Dual Use Güter","2B350",22700
8000903,19.11.2014,"Brasilien","Besondere militärische Güter","ML10",9125
8000905,19.11.2014,"China, Taiwan","Dual Use Güter","2B350.d3",36759.6
8000666,19.11.2014,"Russische Föderation","Dual Use Güter","2B001.c",265000
8000666,19.11.2014,"Russische Föderation","Dual Use Güter","2B001.c",326000
8000910,19.11.2014,"China, Taiwan","Dual Use Güter","2B201.b1",225000
8000913,20.11.2014,"Singapur","Dual Use Güter","1C231",4200
8000917,20.11.2014,"China, Volksrepublik","Dual Use Güter","2B201.b",839000
8000916,20.11.2014,"China, Volksrepublik","Dual Use Güter","2B201.b1",338000
8000924,20.11.2014,"Singapur","Dual Use Güter","6A005.a6.a",34185
8000912,21.11.2014,"Kuba","Dual Use Güter","2B350.d3",18750
8000912,21.11.2014,"Kuba","Dual Use Güter","2B350.d3",65540
8000925,21.11.2014,"Indien","Dual Use Güter","5A002.a1a",24000
8000926,21.11.2014,"Vereinigte Staaten von Amerika","Besondere militärische Güter","ML11.a",38532
8000930,21.11.2014,"Indien","National kontrollierte Güter","5.1",1300
8000933,21.11.2014,"Indien","National kontrollierte Güter","5.1",1470
8000933,21.11.2014,"Indien","National kontrollierte Güter","5.1",1510
8000878,21.11.2014,"Türkei","Dual Use Güter
Dual Use Güter","2B001.b
2B201.a",118194
8000927,21.11.2014,"Indien","National kontrollierte Güter","5.1",410
8000937,21.11.2014,"Irak","Dual Use Güter","5A001.h",161897
8000938,21.11.2014,"Russische Föderation","Dual Use Güter","2B350.i4",3750
8000938,21.11.2014,"Russische Föderation","Dual Use Güter","2B350.g3",2000
8000920,21.11.2014,"Thailand","Dual Use Güter
Dual Use Güter","2B001.c2
2B201.b2",939700
8000869,21.11.2014,"Saudi-Arabien","Dual Use Güter","5A002.a1b3",40320
8000942,21.11.2014,"Indien","National kontrollierte Güter","5.1",9186
8000945,21.11.2014,"Italien","Dual Use Güter
Dual Use Güter","2B001.b2
2B201.a1",302720
8000947,24.11.2014,"Peru","National kontrollierte Güter","5.2",155000
8000947,24.11.2014,"Peru","National kontrollierte Güter","5.2",45000
8000949,24.11.2014,"China, Volksrepublik","Dual Use Güter","2B201.b1",597243
8000961,24.11.2014,"China, Volksrepublik","Dual Use Güter","2B201.b1",434150
8000965,25.11.2014,"China, Taiwan","Dual Use Güter","6A005.a6b2",419756
8000952,25.11.2014,"Vereinigte Arabische Emirate","Dual Use Güter","6A005.a6b2",385000
8000426,25.11.2014,"Kasachstan","Besondere militärische Güter","ML13",240000
8000967,25.11.2014,"China, Volksrepublik","Dual Use Güter","2B201.b1",416000
8000895,25.11.2014,"Belarus","Dual Use Güter","2B201.b1",446965
8000960,25.11.2014,"Ägypten","Dual Use Güter","2B350.g2",14180
8000935,25.11.2014,"Kongo, Demokratische Republik (ex-Zaire)","Dual Use Güter","2B350.G",1716
8000977,25.11.2014,"Indien","National kontrollierte Güter","5.1",1510
8000983,25.11.2014,"Indien","National kontrollierte Güter","5.1",1485
8000983,25.11.2014,"Indien","National kontrollierte Güter","5.1",1470
8000974,25.11.2014,"Indien","National kontrollierte Güter","5.1",715
8000834,26.11.2014,"Vereinigte Arabische Emirate","National kontrollierte Güter","5.1",500
8000833,26.11.2014,"Vereinigte Arabische Emirate","National kontrollierte Güter","5.1",1125
8000832,26.11.2014,"Vereinigte Arabische Emirate","National kontrollierte Güter","5.1",1250
8000831,26.11.2014,"Vereinigte Arabische Emirate","National kontrollierte Güter","5.1",1250
8000830,26.11.2014,"Vereinigte Arabische Emirate","National kontrollierte Güter","5.1",600
8000829,26.11.2014,"Vereinigte Arabische Emirate","National kontrollierte Güter","5.1",600
8000828,26.11.2014,"Vereinigte Arabische Emirate","National kontrollierte Güter","5.1",600
8000827,26.11.2014,"Vereinigte Arabische Emirate","National kontrollierte Güter","5.1",600
8000826,26.11.2014,"Vereinigte Arabische Emirate","National kontrollierte Güter","5.1",1250
8000825,26.11.2014,"Vereinigte Arabische Emirate","National kontrollierte Güter","5.1",600
8000824,26.11.2014,"Vereinigte Arabische Emirate","National kontrollierte Güter","5.1",1250
8000822,26.11.2014,"Vereinigte Arabische Emirate","National kontrollierte Güter","5.1",500
8000823,26.11.2014,"Vereinigte Arabische Emirate","National kontrollierte Güter","5.1",450
8000820,26.11.2014,"Vereinigte Arabische Emirate","National kontrollierte Güter","5.1",625
8000819,26.11.2014,"Vereinigte Arabische Emirate","National kontrollierte Güter","5.1",500
8000817,26.11.2014,"Vereinigte Arabische Emirate","National kontrollierte Güter","5.1",500
8000821,26.11.2014,"Vereinigte Arabische Emirate","National kontrollierte Güter","5.1",450
8000818,26.11.2014,"Vereinigte Arabische Emirate","National kontrollierte Güter","5.1",500
8000816,26.11.2014,"Vereinigte Arabische Emirate","National kontrollierte Güter","5.1",625
8000815,26.11.2014,"Vereinigte Arabische Emirate","National kontrollierte Güter","5.1",500
8000814,26.11.2014,"Vereinigte Arabische Emirate","National kontrollierte Güter","5.1",625
8000813,26.11.2014,"Vereinigte Arabische Emirate","National kontrollierte Güter","5.1",650
8000812,26.11.2014,"Vereinigte Arabische Emirate","National kontrollierte Güter","5.1",725
8000811,26.11.2014,"Vereinigte Arabische Emirate","National kontrollierte Güter","5.1",1875
8000810,26.11.2014,"Vereinigte Arabische Emirate","National kontrollierte Güter","5.1",700
8000809,26.11.2014,"Vereinigte Arabische Emirate","National kontrollierte Güter","5.1",700
8000990,26.11.2014,"Indien","National kontrollierte Güter","5.1",2724
8000990,26.11.2014,"Indien","National kontrollierte Güter","5.1",2724
8000772,26.11.2014,"Vereinigte Arabische Emirate","National kontrollierte Güter","5.1",625
8000771,26.11.2014,"Vereinigte Arabische Emirate","National kontrollierte Güter","5.1",750
8000770,26.11.2014,"Vereinigte Arabische Emirate","National kontrollierte Güter","5.1",2000
8000769,26.11.2014,"Vereinigte Arabische Emirate","National kontrollierte Güter","5.1",500
8000764,26.11.2014,"Vereinigte Arabische Emirate","National kontrollierte Güter","5.1",4410
8000767,26.11.2014,"Vereinigte Arabische Emirate","National kontrollierte Güter","5.1",2925
8001004,26.11.2014,"Deutschland","Besondere militärische Güter","ML06",247
8001004,26.11.2014,"Deutschland","Besondere militärische Güter","ML06",133
8000992,27.11.2014,"Thailand","Dual Use Güter","6A005",501078.24
8001010,27.11.2014,"Iran","Sanktionsgüter","III.A1.003",140
8001010,27.11.2014,"Iran","Sanktionsgüter","III.A1.003",320
8001009,27.11.2014,"Iran","Sanktionsgüter","III.A1.003",102
8001009,27.11.2014,"Iran","Sanktionsgüter","III.A1.003",39
8001009,27.11.2014,"Iran","Sanktionsgüter","III.A1.003",72
8001009,27.11.2014,"Iran","Sanktionsgüter","III.A1.003",18
8001005,27.11.2014,"Türkei","Dual Use Güter
Dual Use Güter","2B350
1A202",83853
8001005,27.11.2014,"Türkei","Dual Use Güter","3A226",693
8001020,27.11.2014,"China, Volksrepublik","Dual Use Güter","7A103.a",57814
8000954,27.11.2014,"Thailand","Dual Use Güter
Dual Use Güter","2B001.C
2B201.B",313055
8001023,28.11.2014,"China, Volksrepublik","Dual Use Güter
Dual Use Güter","2B001.b2
2B201.a1",432050
8000968,28.11.2014,"Saudi-Arabien","National kontrollierte Güter","5.1",500
8000968,28.11.2014,"Saudi-Arabien","National kontrollierte Güter","5.1",1200
8000968,28.11.2014,"Saudi-Arabien","National kontrollierte Güter","5.1",1050
8000968,28.11.2014,"Saudi-Arabien","National kontrollierte Güter","5.1",421
8000968,28.11.2014,"Saudi-Arabien","National kontrollierte Güter","5.1",2300
8000968,28.11.2014,"Saudi-Arabien","National kontrollierte Güter","5.1",3624
8001038,28.11.2014,"China, Volksrepublik","Dual Use Güter","2B352",1890000
8000763,28.11.2014,"Vereinigte Arabische Emirate","National kontrollierte Güter","5.1",146500
8000763,28.11.2014,"Vereinigte Arabische Emirate","National kontrollierte Güter","5.1",123408
8000768,28.11.2014,"Vereinigte Arabische Emirate","National kontrollierte Güter","5.1",1125
8000768,28.11.2014,"Vereinigte Arabische Emirate","National kontrollierte Güter","5.1",1125
8001051,01.12.2014,"Deutschland","Nukleargüter","0B001",215000
8000762,01.12.2014,"Vereinigte Arabische Emirate","National kontrollierte Güter","5.1",14750
8000762,01.12.2014,"Vereinigte Arabische Emirate","National kontrollierte Güter","5.1",15750
8000762,01.12.2014,"Vereinigte Arabische Emirate","Besondere militärische Güter","ML01",5250
8000981,01.12.2014,"Qatar","Dual Use Güter","1A004.a",154000
8000981,01.12.2014,"Qatar","Dual Use Güter","1A004.a",25080
8001053,02.12.2014,"Grossbritannien","Nukleargüter","0B001",57000
8001066,02.12.2014,"Ekuador","National kontrollierte Güter","5.1",22458
8001070,02.12.2014,"China, Volksrepublik","Dual Use Güter","2B001.a12",579438
8001065,02.12.2014,"Ekuador","National kontrollierte Güter","5.1",33687
8001049,02.12.2014,"Russische Föderation","Dual Use Güter","2B350.d3",22750.87
8001058,02.12.2014,"Qatar","Dual Use Güter","2B350.d1",17340
8001061,02.12.2014,"Russische Föderation","Dual Use Güter","2B350.g2",1900
8001061,02.12.2014,"Russische Föderation","Dual Use Güter","2B350.g2",1400
8001061,02.12.2014,"Russische Föderation","Dual Use Güter","2B350.g2",2400
8001061,02.12.2014,"Russische Föderation","Dual Use Güter","2B350.g2",500
8001061,02.12.2014,"Russische Föderation","Dual Use Güter","2B350.g2",1700
8001062,02.12.2014,"Russische Föderation","Dual Use Güter","2B350.g2",945
8001062,02.12.2014,"Russische Föderation","Dual Use Güter","2B350.g2",2176
8001062,02.12.2014,"Russische Föderation","Dual Use Güter","2B350.g2",1589
8001062,02.12.2014,"Russische Föderation","Dual Use Güter","2B350.g2",575
8001062,02.12.2014,"Russische Föderation","Dual Use Güter","2B350.g2",890
8001062,02.12.2014,"Russische Föderation","Dual Use Güter","2B350.g2",3200
8001062,02.12.2014,"Russische Föderation","Dual Use Güter","2B350.g2",625
8001062,02.12.2014,"Russische Föderation","Dual Use Güter","2B350.g2",800
8001062,02.12.2014,"Russische Föderation","Dual Use Güter","2B350.g2",1000
8001064,02.12.2014,"Indien","Dual Use Güter","5A002.a1a",2219.5
8001056,03.12.2014,"Frankreich","Nukleargüter","0B001",7900
8001055,03.12.2014,"Vereinigte Staaten von Amerika","Nukleargüter","0B001",30000
8001075,03.12.2014,"Malaysia","Besondere militärische Güter","ML17",3250000
8001057,03.12.2014,"Vereinigte Arabische Emirate","Dual Use Güter","2B350.d1",13940
8001071,03.12.2014,"Vereinigte Arabische Emirate","National kontrollierte Güter","5.1",6500.5
8001054,03.12.2014,"Grossbritannien","Nukleargüter","0B001",345000
8001094,03.12.2014,"Indien","National kontrollierte Güter","5.1",1510
8001093,03.12.2014,"Grossbritannien","Dual Use Güter
Dual Use Güter","2B001.b
2B201.a",327789
8000959,03.12.2014,"Russische Föderation","Dual Use Güter","2B001.a",132742
8000959,03.12.2014,"Russische Föderation","Dual Use Güter","2B001.a",114352
8001091,03.12.2014,"China, Taiwan","Dual Use Güter","6A005.a6a",44503.2
8001090,03.12.2014,"Indien","Dual Use Güter","6A005.a6.b2",89885.7
8001100,03.12.2014,"China, Volksrepublik","Dual Use Güter","3A001.a2c",12375
8000975,03.12.2014,"Russische Föderation","Dual Use Güter","6A005.a6b2",583031
8001059,03.12.2014,"Saudi-Arabien","Dual Use Güter","5D002.c1",46500
8001106,03.12.2014,"Indien","Dual Use Güter","2B201.b1",256941
8001107,03.12.2014,"Indien","Dual Use Güter","2B201.b1",200000
8000988,03.12.2014,"Russische Föderation","Dual Use Güter","2B120",70290
8000969,03.12.2014,"Russische Föderation","Dual Use Güter
Dual Use Güter","2B201.a
2B001.b",2875429
8000999,03.12.2014,"Russische Föderation","Dual Use Güter
Dual Use Güter","2B001.c1
2B201.b",2800000
8000997,03.12.2014,"Russische Föderation","Dual Use Güter
Dual Use Güter","2B001.c1
2B201.b",2800000
8001115,03.12.2014,"Indien","Dual Use Güter","2D002",9350
8001119,04.12.2014,"Serbien","Dual Use Güter","2B001",271000
8001127,04.12.2014,"China, Volksrepublik","Dual Use Güter","2B201.b1",516000
8001034,04.12.2014,"Kuwait","National kontrollierte Güter","5.1",23559
8001129,04.12.2014,"Grossbritannien","Besondere militärische Güter","ML10",4680
8001131,04.12.2014,"China, Volksrepublik","Dual Use Güter","2B201.b1",661646
8001133,04.12.2014,"China, Volksrepublik","Dual Use Güter","3A001.g2",2378
8001120,05.12.2014,"China, Volksrepublik","Dual Use Güter","3A001.a2c",21650
8001134,05.12.2014,"China, Volksrepublik","National kontrollierte Güter","5.1",6288
8001134,05.12.2014,"China, Volksrepublik","National kontrollierte Güter","5.1",15914.4
8001134,05.12.2014,"China, Volksrepublik","National kontrollierte Güter","5.1",1168.5
8001146,05.12.2014,"China, Volksrepublik","Dual Use Güter","6A005.a6b2",384792
8001145,05.12.2014,"Brasilien","Dual Use Güter
Dual Use Güter","2B001.b.2
2B201.a.1",288145
8001147,05.12.2014,"Singapur","Dual Use Güter","2b201.a1",315600
8001148,05.12.2014,"China, Volksrepublik","Dual Use Güter
Dual Use Güter","2B001.b.2
2B201.a.1",470476
8001149,05.12.2014,"Vietnam","Dual Use Güter","2D002",7800
8001117,05.12.2014,"Türkei","Besondere militärische Güter","ML03",80000
8001117,05.12.2014,"Türkei","Besondere militärische Güter","ML03",48900
8001117,05.12.2014,"Türkei","Besondere militärische Güter","ML03",44500
8001117,05.12.2014,"Türkei","Besondere militärische Güter","ML03",58600
8001151,05.12.2014,"China, Volksrepublik","Dual Use Güter","2B001.a",3237100
8001151,05.12.2014,"China, Volksrepublik","Dual Use Güter","2B001.a",2109300
8001144,05.12.2014,"Russische Föderation","Dual Use Güter","2B001.a",387200
8001152,05.12.2014,"China, Volksrepublik","Dual Use Güter
Dual Use Güter","2B001.b.2
2B201.a.1",491278
8001163,08.12.2014,"Deutschland","Nukleargüter","0C003",200000
8001168,08.12.2014,"Indonesien","Dual Use Güter","5A002.a1",1206.3
8001168,08.12.2014,"Indonesien","Dual Use Güter","5D002.c1",68.84
8001166,08.12.2014,"China, Volksrepublik","Dual Use Güter","6A005.A6B2",196800
8001173,08.12.2014,"China, Volksrepublik","Dual Use Güter","2D002",7778.7
8001174,08.12.2014,"Deutschland","Dual Use Güter","2B001.c",455000
8001143,09.12.2014,"Kasachstan","Besondere militärische Güter","ML13.c",14553.6
8001177,09.12.2014,"Brasilien","Dual Use Güter","6A005.a6b2",390000
8001179,09.12.2014,"Iran","National kontrollierte Güter","5.1",15250
8001178,09.12.2014,"China, Volksrepublik","Dual Use Güter","2B350.g3",1500
8001181,09.12.2014,"Bosnien-Herzegowina","Dual Use Güter","6a002.c1",4750
8001181,09.12.2014,"Bosnien-Herzegowina","Dual Use Güter","6a002.c1",7107
8001190,09.12.2014,"Indonesien","Dual Use Güter","5A002.a1a",18147.1
8001185,09.12.2014,"Deutschland","Dual Use Güter","2B350.g2",2114
8001183,09.12.2014,"Indien","Dual Use Güter","2B350.e7",109404
8001197,09.12.2014,"Ekuador","Besondere militärische Güter","ML10.a",9606.55
8001200,10.12.2014,"Belarus","Nukleargüter","0C003",22831
8001154,10.12.2014,"China, Volksrepublik","Dual Use Güter","5A002.a1a",15258.4
8001196,10.12.2014,"Qatar","Dual Use Güter","2B350.4g",26435
8001211,10.12.2014,"Indien","National kontrollierte Güter","5.1",15400
8001171,10.12.2014,"Ukraine","Nukleargüter","0C003",2293.6
8001171,10.12.2014,"Ukraine","Nukleargüter","0C003",34282
8001176,10.12.2014,"China, Volksrepublik","Dual Use Güter","2B120",67900
8001212,10.12.2014,"Indien","National kontrollierte Güter","5.1",13965
8001218,10.12.2014,"Indien","National kontrollierte Güter","5.1",6892
8000766,10.12.2014,"Vereinigte Arabische Emirate","National kontrollierte Güter","5.1",6650
8000766,10.12.2014,"Vereinigte Arabische Emirate","National kontrollierte Güter","5.1",1700
8001220,11.12.2014,"Indien","National kontrollierte Güter","5.1",7186
8001227,11.12.2014,"Indien","Dual Use Güter","1C231",9180
8001224,11.12.2014,"China, Volksrepublik","Dual Use Güter","3A001.A2C",887850
8001223,11.12.2014,"China, Volksrepublik","Dual Use Güter","3A001.a2c",18020
8001101,11.12.2014,"Russische Föderation","Dual Use Güter","2B201.b",290340
8001202,11.12.2014,"Kanada","National kontrollierte Güter","5.1",700
8001202,11.12.2014,"Kanada","National kontrollierte Güter","5.1",450
8001202,11.12.2014,"Kanada","National kontrollierte Güter","5.1",250
8001202,11.12.2014,"Kanada","National kontrollierte Güter","5.1",5000
8001202,11.12.2014,"Kanada","National kontrollierte Güter","5.1",300
8001202,11.12.2014,"Kanada","National kontrollierte Güter","5.1",350
8001202,11.12.2014,"Kanada","National kontrollierte Güter","5.1",7050
8001202,11.12.2014,"Kanada","National kontrollierte Güter","5.1",2200
8001202,11.12.2014,"Kanada","National kontrollierte Güter","5.1",7050
8001202,11.12.2014,"Kanada","National kontrollierte Güter","5.1",600
8001202,11.12.2014,"Kanada","National kontrollierte Güter","5.1",600
8001202,11.12.2014,"Kanada","National kontrollierte Güter","5.1",3200
8001202,11.12.2014,"Kanada","National kontrollierte Güter","5.1",400
8001202,11.12.2014,"Kanada","National kontrollierte Güter","5.1",2200
8001243,12.12.2014,"Litauen","Dual Use Güter","6A005.a6b2",308772.56
8001234,12.12.2014,"Trinidad und Tobago","Dual Use Güter","9A012.a1",558739
8001240,12.12.2014,"Vereinigte Staaten von Amerika","Besondere militärische Güter","ML11",42897.78
8001241,12.12.2014,"Vereinigte Staaten von Amerika","Chemikalien CWÜ","3B.16",250
8001244,12.12.2014,"Indien","National kontrollierte Güter","5.1",2940
8001245,12.12.2014,"China, Volksrepublik","Dual Use Güter
Dual Use Güter","2B001.a1
2B001.a2",184934
8001242,12.12.2014,"Italien","Dual Use Güter
Dual Use Güter","2B001.b
2B201.a",447134
8001248,12.12.2014,"Kolumbien","National kontrollierte Güter","5.1",12046
8001167,12.12.2014,"Ukraine","Dual Use Güter
Dual Use Güter","2B001.b
2B201.a",1172574
8001239,12.12.2014,"Vereinigte Staaten von Amerika","Besondere militärische Güter","ML11.a",27478.65
8001215,12.12.2014,"Deutschland","Dual Use Güter","2B350.i4",4207
8001250,12.12.2014,"Italien","Dual Use Güter
Dual Use Güter","2B001.b
2B201.a",289492
8001255,12.12.2014,"Frankreich","Dual Use Güter
Dual Use Güter","2B001.b2
2B201.a1",368204
8001232,12.12.2014,"Deutschland","Dual Use Güter","7A003.c1",215512
8001246,12.12.2014,"Russische Föderation","Besondere militärische Güter","ML17.h",18752000
8001246,12.12.2014,"Russische Föderation","Besondere militärische Güter","ML17.h",18318000
8001228,15.12.2014,"Thailand","Besondere militärische Güter
Besondere militärische Güter","ML10
ML22",2000000
8001228,15.12.2014,"Thailand","Besondere militärische Güter","ML10",12000000
8001228,15.12.2014,"Thailand","Besondere militärische Güter","ML22",1000000
8001228,15.12.2014,"Thailand","Besondere militärische Güter","ML21",1
8001226,15.12.2014,"Indien","Besondere militärische Güter
Besondere militärische Güter","ML10
ML21",400000
8001226,15.12.2014,"Indien","Besondere militärische Güter
Besondere militärische Güter","ML10
ML21",135100000
8001226,15.12.2014,"Indien","Besondere militärische Güter
Besondere militärische Güter","ML14
ML21",20820000
8001226,15.12.2014,"Indien","Besondere militärische Güter","ML22",200000
8001275,15.12.2014,"Ungarn","Dual Use Güter
Dual Use Güter","2B201.b
2B001.c",205000
8001269,15.12.2014,"China, Taiwan","Dual Use Güter","6A005.A6.B2",473006
8001271,16.12.2014,"Deutschland","Besondere militärische Güter","ML02.a",1373.97
8001265,16.12.2014,"China, Taiwan","Dual Use Güter","6A005.a6b2",467201
8001280,16.12.2014,"Hongkong","Dual Use Güter","3A001.a2c",62370
8001276,16.12.2014,"Israel","Dual Use Güter","2B001",301648
8001278,16.12.2014,"China, Volksrepublik","Dual Use Güter","2B352",121375
8001289,16.12.2014,"Kanada","National kontrollierte Güter","5.1",1000
8001290,16.12.2014,"Kanada","National kontrollierte Güter","5.1",50
8001290,16.12.2014,"Kanada","National kontrollierte Güter","5.1",100
8001272,16.12.2014,"Kanada","National kontrollierte Güter","5.1",400
8001272,16.12.2014,"Kanada","National kontrollierte Güter","5.1",2200
8000692,16.12.2014,"China, Volksrepublik","Dual Use Güter","7A103.a",57524
8001282,16.12.2014,"Bahrain","National kontrollierte Güter","5.1",1900
8001282,16.12.2014,"Bahrain","National kontrollierte Güter","5.1",6747
8001282,16.12.2014,"Bahrain","National kontrollierte Güter","5.1",1250
8001282,16.12.2014,"Bahrain","National kontrollierte Güter","5.1",5298
8001282,16.12.2014,"Bahrain","National kontrollierte Güter","5.1",350
8001282,16.12.2014,"Bahrain","National kontrollierte Güter","5.1",4644
8001301,17.12.2014,"Qatar","Besondere militärische Güter","ML13.d",171998.4
8001302,17.12.2014,"Qatar","Besondere militärische Güter
Besondere militärische Güter","ML14
ML21",70000000
8001302,17.12.2014,"Qatar","Besondere militärische Güter
Besondere militärische Güter","ML10
ML21",275000000
8001302,17.12.2014,"Qatar","Besondere militärische Güter","ML22",1
8001302,17.12.2014,"Qatar","Besondere militärische Güter","ML21",1
8001283,17.12.2014,"China, Volksrepublik","Dual Use Güter","3A001.a2c",225225
8001279,17.12.2014,"Hongkong","Dual Use Güter","3A001.a2c",495000
8001294,17.12.2014,"Aserbaidschan","Dual Use Güter","6A002.c1",78638
8001294,17.12.2014,"Aserbaidschan","Dual Use Güter","6A002.c1",157275
8001187,17.12.2014,"Pakistan","Dual Use Güter","5A001",538025.1
8001304,17.12.2014,"China, Volksrepublik","Dual Use Güter","2B201.b1",410000
8001194,17.12.2014,"China, Taiwan","Dual Use Güter","2B352",263248
8001312,17.12.2014,"Indien","Dual Use Güter","5A002.a1a",11250
8001308,17.12.2014,"China, Taiwan","Dual Use Güter","6A005.a6a",235950
8001292,17.12.2014,"Russische Föderation","Dual Use Güter
Dual Use Güter","2B201.a1
2B001.b2",2038681.4
8001341,18.12.2014,"China, Volksrepublik","Dual Use Güter","3A001.a2c",53360
8001344,18.12.2014,"China, Volksrepublik","Dual Use Güter","6A002.c1",1022972.7
8001344,18.12.2014,"China, Volksrepublik","Dual Use Güter","6A002.c1",1639671
8001204,18.12.2014,"China, Volksrepublik","Dual Use Güter
Dual Use Güter","2B001.b
2B201.a",1280000
8001204,18.12.2014,"China, Volksrepublik","Dual Use Güter
Dual Use Güter","2B001.b
2B201.a",900000
8001330,18.12.2014,"China, Volksrepublik","Dual Use Güter","7A003.c1",111761.4
8001351,18.12.2014,"Deutschland","Dual Use Güter","1C228",15900
8001354,18.12.2014,"Israel","Dual Use Güter","1C231",2475
8001359,18.12.2014,"Iran","Sanktionsgüter","III.A1.003 Iran Sanktionen",35
8001342,18.12.2014,"Vereinigte Arabische Emirate","National kontrollierte Güter","5.1",575
8001342,18.12.2014,"Vereinigte Arabische Emirate","National kontrollierte Güter","5.1",550
8001340,18.12.2014,"Vereinigte Arabische Emirate","National kontrollierte Güter","5.1",2500
8001337,18.12.2014,"Vereinigte Arabische Emirate","National kontrollierte Güter","5.1",1000
8001337,18.12.2014,"Vereinigte Arabische Emirate","National kontrollierte Güter","5.1",1000
8001338,18.12.2014,"Vereinigte Arabische Emirate","National kontrollierte Güter","5.1",500
8001361,18.12.2014,"Deutschland","Nukleargüter","0B002",1094
8001364,19.12.2014,"China, Volksrepublik","Dual Use Güter","6A005.a6a",62080
8001348,19.12.2014,"Tunesien","Besondere militärische Güter","ML10.f",30450
8001336,19.12.2014,"Algerien","Dual Use Güter","3A002.g2",102805
8001142,19.12.2014,"Saudi-Arabien","National kontrollierte Güter","5.1",1355.25
8001142,19.12.2014,"Saudi-Arabien","National kontrollierte Güter","5.1",1608.75
8001346,19.12.2014,"Myanmar (Union)","National kontrollierte Güter","5.1",13860
8001346,19.12.2014,"Myanmar (Union)","National kontrollierte Güter","5.1",11560.5
8001346,19.12.2014,"Myanmar (Union)","National kontrollierte Güter","5.1",15435
8001370,19.12.2014,"China, Volksrepublik","Dual Use Güter","3A002.g2",282528
8001369,19.12.2014,"Russische Föderation","Dual Use Güter","5A002",18800
8001369,19.12.2014,"Russische Föderation","Dual Use Güter","5A002",48630
8001369,19.12.2014,"Russische Föderation","Dual Use Güter","5A002",54605
8001358,19.12.2014,"Russische Föderation","Dual Use Güter","1C231",210
8001363,19.12.2014,"Russische Föderation","Dual Use Güter
Dual Use Güter","7A002.a
7A002.b",690000
8001372,19.12.2014,"Vereinigte Staaten von Amerika","National kontrollierte Güter","5.1",50
8001367,19.12.2014,"China, Volksrepublik","Dual Use Güter","7A103.a1",57814
8001295,22.12.2014,"Russische Föderation","Dual Use Güter","6A002.c1",12878
8001165,22.12.2014,"Kuwait","Dual Use Güter","5A002.a1",146750
8001165,22.12.2014,"Kuwait","Dual Use Güter","5A002.a1",139104
8001165,22.12.2014,"Kuwait","Dual Use Güter","5A002.a1",119520
8001375,22.12.2014,"Indien","Dual Use Güter
Dual Use Güter","2B001.c
2B201.b",680000
8001087,23.12.2014,"Qatar","Dual Use Güter","7A003",28845.8
8000697,29.12.2014,"Saudi-Arabien","National kontrollierte Güter","5.1",4590
8001310,29.12.2014,"China, Volksrepublik","Dual Use Güter","6A005.a.6.b",5600
8001310,29.12.2014,"China, Volksrepublik","Dual Use Güter","6A005.a.6.b",32000
8001310,29.12.2014,"China, Volksrepublik","Dual Use Güter","6A005.a.6.b",698000
8001388,29.12.2014,"Vereinigte Staaten von Amerika","National kontrollierte Güter","5.1",1027
8001322,30.12.2014,"Kanada","National kontrollierte Güter","5.1",4150
8001322,30.12.2014,"Kanada","National kontrollierte Güter","5.1",1100
8001322,30.12.2014,"Kanada","National kontrollierte Güter","5.1",50
8001390,30.12.2014,"Ukraine","Dual Use Güter
Dual Use Güter","2B001
2B201",1340025
8001391,30.12.2014,"Ukraine","Dual Use Güter","2B001.a",556541
8001392,31.12.2014,"Russische Föderation","Dual Use Güter","2B201.b",469277
8001393,31.12.2014,"Iran","Sanktionsgüter","III.AI.003",49.4
8001393,31.12.2014,"Iran","Sanktionsgüter","III.A1.003",8.45
8001393,31.12.2014,"Iran","Sanktionsgüter","III.A1.003",37.05
8001393,31.12.2014,"Iran","Sanktionsgüter","III.A1.003",88.4
8001393,31.12.2014,"Iran","Sanktionsgüter","III.A1.003",39
8001393,31.12.2014,"Iran","Sanktionsgüter","III.A1.003",8.45
